TYPE,MONTH,RATING,COMMENT-CUSTOMER,VOC
Detractor,APRIL,0,"0 is very high,  it should be negative as ur staff is torture with their lack of knowledge about your own processes and systems",People
Passive,MAY,8,1. Website is quite slow- must be improved.  2. A Watchlist created on Kotak Website should replicate on the trading app.,WEB/APP
Detractor,MAY,4,1.Order execution refresh rate is slow. Improvement possible here. Also sound alert missing when order is executed. 2. Existing Fonts and digits not that attractive. Eye catching and more attractive fonts and digits expected. 3. Watch list is pale looking and loads info slowly.  ‚Ä¶unnecessary auto suggestions creep in while typing required info.,WEB/APP
Detractor,MAY,0,3 rd clasd,not specified
Detractor,MAY,0,3 rd class,not specified
Detractor,MAY,3,"‡§Æ‡•á‡§®‡•á ‡§°‡•Ä‡§≤‡§∞ ‡§∏‡•á ‡§ï‡§æ‡§Ç‡§ü‡•á‡§ï‡•ç‡§ü ‡§ï‡§∞‡§®‡•á ‡§ï‡•Ä ‡§ï‡•ã‡§∂‡§ø‡§∂ ‡§ï‡•Ä ‡§™‡§∞ ‡§®‡§π‡•Ä‡§Ç ‡§π‡•ã ‡§™‡§æ‡§Ø‡§æ, ‡§´‡§ø‡§∞ ‡§ï‡§∏‡•ç‡§ü‡§Æ‡§∞ ‡§ï‡•á‡§Ø‡§∞ ‡§™‡§∞ ‡§¨‡§æ‡§§ ‡§ï‡§ø‡§Ø‡§æ ‡§â‡§®‡•ç‡§π‡•ã‡§Ç‡§®‡•á ‡§°‡•Ä‡§≤‡§∞ ‡§∏‡•á ‡§ï‡•â‡§≤ ‡§¨‡•à‡§ï ‡§ï‡§∞‡§µ‡§æ‡§Ø‡§æ, ‡§™‡§∞ ‡§°‡•Ä‡§≤‡§∞ ‡§Æ‡•Å‡§ù‡•á ‡§Æ‡•á‡§∞‡•á ‡§∏‡§µ‡§æ‡§≤ ‡§ï‡•á ‡§∏‡•á‡§ü‡§ø‡§∏‡•ç‡§´‡§æ‡§á‡§° ‡§ú‡§µ‡§æ‡§¨ ‡§®‡§π‡•Ä‡§Ç ‡§¶‡•á ‡§™‡§æ‡§Ø‡§æ, ‡§Ü‡§ñ‡§ø‡§∞ ‡§Æ‡•á ‡§Æ‡•Å‡§ù‡•á ‡§¨‡§ø‡§®‡§æ ‡§ú‡§µ‡§æ‡§¨ ‡§ï‡•á ‡§ï‡•â‡§≤ ‡§°‡§ø‡§∏‡§ï‡§®‡•á‡•á‡§ï‡•ç‡§ü ‡§ï‡§∞‡§®‡§æ ‡§™‡•ú‡§æ",not specified
Passive,JUNE,8,About brokerage,Charges
Detractor,MAY,0,Active BSE FO,product
Passive,JUNE,7,Actually aap is not properly work and delar did not support mtf interest charge and broker support.,WEB/APP
Detractor,APRIL,6,Add order execution notification sound,WEB/APP
Detractor,APRIL,1,After buying share I can not sell my share. Order got cancelled many times,WEB/APP
Detractor,MAY,0,All fortfolio values show wrong. Pathetic.,WEB/APP
Detractor,APRIL,6,All good thank you,not specified
Detractor,MAY,1,all need to be improved,not specified
Detractor,JUNE,5,AMOUNT TRANSFERRED SAME DAY NOT APPEARING FOR WITHDRAWAL AT THE END OF THE DAY. AVG PRICE CALCULATION IS WRONG WHILE ADDING SAME SHARE ON PORTFOLIO. EXPERT CALLED TO PURCHASE PNB SHARE WHICH NEVER GIVES GOOD RETURN. FUND AVAILABILITY SHOWS WRONG FIGURE AFTER DAY END WHERE STATEMNET SHOWS DIFFRENT VALUES COMPARE TO ACTUAL AVAILABLE FUNDS.,WEB/APP
Detractor,MAY,0,Apne employees ko bat karne ka tarika pahle samjhaye ki kaise bat Kiya jata hai,People
Detractor,MAY,0,App & Trading terminal is very poor. Order not executed timely. Net P&L not showing in kotak securities website. Almost using more than 2 years but trading platform is very poor.,WEB/APP
Detractor,JUNE,5,APP AMOUNT SHOWING WRONG,WEB/APP
Detractor,APRIL,5,App and trading plateform are so hard to handle,WEB/APP
Detractor,MAY,5,App chart and sometime order confirmation not complete so as soon as possible plz solve this bug,WEB/APP
Detractor,APRIL,0,App is mostly hang on trading period,WEB/APP
Passive,APRIL,7,App is not functioning smoothly and taking time to open. when placing an order through option chain the system is lagging. Overall my experience was amazing and wonderful thanks kotak team,WEB/APP
Detractor,MAY,3,App is not useful for swing traders and investors,WEB/APP
Detractor,MAY,0,App is not working properly chart is not opening and indicators is not showing on charts .. I am loosing money everyday..,WEB/APP
Detractor,APRIL,0,App is not working smoothly please fix it üò≠ today is my 1000 rupees loss because of your application glitches please fix it if you are not fixed this problem Im close my account,WEB/APP
Detractor,APRIL,0,App is not working smoothly please fix it üò≠ today is my 1000 rupees loss because of your application glitches please fix it if you are not fixed this problem Im close my account,WEB/APP
Detractor,MAY,3,"App is too slow ,",WEB/APP
Detractor,MAY,1,App is wirest,WEB/APP
Detractor,MAY,1,App ke tecnical issue ko sudhare,WEB/APP
Detractor,APRIL,0,App not properly workingAnd order was not completed on market price that I wants which was get me loss and over trade and more charges kindly do the needful and waive of my current pending charges after I will continue kotak security,WEB/APP
Passive,APRIL,8,App should run smoothly...,WEB/APP
Passive,APRIL,8,App should run smoothly...,WEB/APP
Detractor,APRIL,1,App should work like other apps,WEB/APP
Detractor,APRIL,5,App shouldnt be log out by itself until I do it from my side.,WEB/APP
Detractor,APRIL,0,App wasnt working today after 4pm,WEB/APP
Passive,APRIL,8,application connectivity  gliches can endanger trader to heavy loss,WEB/APP
Passive,MAY,7,Application get hanged multiple times. Difficulty in placing orders due the technical glitches. please improve,WEB/APP
Detractor,MAY,0,Application has a bigger issue in Kotak securitySecurity app is bigger issue because buying a lot is confirmation pending200 and 500 lot is buying is not buying because confirmation pending application error issue again and again and again and customer care and calling not reserve my issue,WEB/APP
Detractor,MAY,0,"Application suddenly stops working I have the made a video related to this ,due to which I have inccured too much losses",WEB/APP
Detractor,MAY,4,as a online platform it serves my purpose thats all...their recommendations as good as a lay person picking stocks by throwing darts....they only sound profound and deep ...more theoretical,not specified
Passive,MAY,8,As i mentioned before a price alert feature and simple ui which doesnt confuse..,WEB/APP
Detractor,APRIL,0,"As per my experience with Kotak Securities on Phone as well as mail, even after mailing my grievance to CEO of the company, nobody even tried to contact me or try to solved the problem. It takes about 2 to 3 month time to get my problem solved. I suggest that Kotak Securities should be closed. I never recommend anybody to open Dmat account in this company.",Service
Detractor,APRIL,0,As usual worst,not specified
Detractor,APRIL,0,Bakwas ek dum,not specified
Detractor,APRIL,0,Bakwas service,Service
Detractor,APRIL,4,"Bank account are not linked properly with demat account, whatever the dividend got via cheque not directly deposited in bank.Kst app charts are very lagging. Trading view or chartiq latest version to be provided. OI trend graph please be added in chart indicator",WEB/APP
Detractor,JUNE,0,because of your employees today i lost 20000rs.I am moving my demat account to other plaform.,People
Detractor,APRIL,0,Bed experience,not specified
Detractor,MAY,1,Below average,not specified
Detractor,JUNE,0,Better app development,WEB/APP
Detractor,MAY,0,Bogus,not specified
Detractor,MAY,0,brokege over charges,Charges
Detractor,MAY,0,Brokerage charges are very high and requested also to reduce but no response from your side,Charges
Detractor,APRIL,4,"Brokerage charges are very high in comparison to other platforms and unnecessary DP charges are deducted every now and then. Last month there was no sale from my demat account, still DP charges of Rs. 114/- deducted.",Charges
Passive,MAY,7,"Brokerage charges are very high, despite having the Best plan. Immigrating to mStock for some relief.",Charges
Detractor,MAY,0,Brokerage is too high,Charges
Detractor,MAY,0,Brokerage is too high,Charges
Detractor,APRIL,0,Brokerage is very high,Charges
Detractor,MAY,1,Brokerage rate is too high. I actually dont know how this amount of brokarage you are levied. Already started to go another platform.,Charges
Passive,MAY,8,"Brokerages are very much on higher side in comparison to others. Needs to reduced for customer, like me, having a long association.",Charges
Detractor,MAY,2,Call back should be made once a week so as to redress the greivences.,Service
Detractor,JUNE,6,Call response,not specified
Detractor,MAY,5,Call should be relevant Tou should call before having effect not after,Service
Detractor,MAY,0,Called ten times in ten minutes. There should be basic human decency to not call if someone is busy,Service
Detractor,APRIL,0,Cannot reach dealer. Dealer is not taking call neither contact. Hopeless service.,Service
Detractor,APRIL,2,Cant say... You study your own behavior in your best interests...,not specified
Passive,APRIL,7,"Cash projections should be reflected. Funds withdrawn from trading account should be immediately credited to bank account, at least in the case of linked Kotak bank account",WEB/APP
Detractor,MAY,0,Change my dealer,People
Detractor,MAY,5,Clients should be attended in time or should call back,Service
Detractor,MAY,0,Close the brokarage business and run a chai ka thelaü§£,not specified
Detractor,APRIL,0,Completely wastage of time with Kotak.. Not recommended,not specified
Detractor,MAY,5,Confirmation pending when i want to modify my stoploss Or any order 1-3 min time taken for comfirmation. Some time i got big losses by this issue,WEB/APP
Detractor,JUNE,3,Connection with the client when they need,Service
Detractor,MAY,1,"Coustomer support is worst in kotak , watsapp support is waste as we always recieve the same replyas if it is preprogrammed replys.The platform is good, once coustomers can communicate  seamlessly, it woluld be great",WEB/APP
Detractor,APRIL,0,Customer care support is very Bad. Long time calling but no pickup call after 45 mint wating.......then my loss but application problems. Till date not my balance/profit credit to my account means 05 May 2022 Rs.  35907 profit and opening balance debited. Fraudulent KOTAk security.,WEB/APP
Detractor,MAY,0,Customer service executive never called back although I got a msg that I would receive a call,Service
Detractor,JUNE,2,Customer services not well reply.,Service
Detractor,MAY,0,Customer support nahi hai,Service
Detractor,MAY,0,Dealer gives wrong information abouts kotak trading application they are worst and jurk they dont deserve respect the lie about application they said after 299 you will get free study e learning voucher and free Dealer but after paid 299 I got nothing kotak application cheated us false info take a action against dealer.,WEB/APP
Detractor,MAY,1,Dealer is not interested to resolve my problem,People
Detractor,MAY,6,DEALER SHOULD CALL AT REGULAR INTERVALS.,Service
Detractor,MAY,0,Dealer should easily reachable on phone.,Service
Detractor,APRIL,1,Dealer suggested me wrong information about brokerage.,People
Detractor,JUNE,0,"Dealers are useless,good for nothing",not specified
Detractor,JUNE,0,"Dear Kotak Security,We have not received any update in Neo App according to my suggestion, you have not update multiple windows opening at one time in chart, you have not provide full access of trading view for community indicator.Lagging app, Short Covering, Long buildup etc not provided at option chain where OI displayPlease update anchored VWAP,",WEB/APP
Detractor,APRIL,6,"Dear sir,Please improve the chart interface and web application. That was crash several time when it was logging on web browser. thank you",WEB/APP
Detractor,MAY,4,Dedicated RM should have more experience for resolving general queries. In my case even a senior could not resolve the query in one day even whatever they demanded I provided,People
Detractor,APRIL,0,deductions done in ledger are complex/confusing. Learn from HDFC sec/Sharekhan etc,WEB/APP
Detractor,MAY,1,"Delivery brokerage is high and dp charges per month also hurt, your pltform is looting innocent people",Charges
Detractor,MAY,2,Delivery brokerge charges are very high and plenge interest rate also very high,Charges
Detractor,MAY,5,Delivery charges are very high,Charges
Detractor,APRIL,0,did not resolve the issue yet even after repeated reminders on email and verbal.,not specified
Detractor,MAY,1,Didnt expect,not specified
Detractor,MAY,0,Didnt picked up call when needed and even I am planning to close my account due to no recommendation of investment from brokers side and non responsive nature,Service
Passive,MAY,8,Direct communication with the assigned dealer should be facilitated through system improvement. Direct communication access with the assigned dealers shall be of great help.               Present assigned dealer Krishna is quite helpful and should be retained with proper facilitation.,not specified
Detractor,JUNE,1,Discating service nananabvavava avana a. Abanajakama,Service
Detractor,APRIL,0,Dont call me,not specified
Detractor,MAY,0,Dont text unnecessarily for feedback,not specified
Detractor,JUNE,0,"Due to delay in unpledge request, was faced loss",Service
Detractor,MAY,4,Email,not specified
Detractor,MAY,2,Even escalation department is not able to solve the problem,not specified
Detractor,APRIL,0,Every month deducted dp charges,Charges
Detractor,APRIL,0,EVERY YEAR I AM PAYING ANNUAL BROKERAGE ON FIT AND THE MONEY GETS CREDITED BACK TO MY ACCOUNT AND THE PROOFS WERE GIVENINSPITE OF THIS I GET ANSWER ITS NOT REVERSABLE  / NOT REFUNDABLE ALSOANOTHER THING IS I HAD NEVER REQUESTED FOR THIS PLAN IT JUST GOT DEBITED FROM MY ACCOUNT AND DO NOT APPRECIATE ANY DEBITS WITHOUT CUSTOMERS CONFIRMATION,WEB/APP
Detractor,MAY,0,Everything better but kotak neo aap not properly working,WEB/APP
Detractor,MAY,4,Feedback is lacking after complaint,not specified
Detractor,MAY,2,"finding it difficult to trade with Kotak Securities, issues not getting resolved on time, brokerage on the higher side... shifting my maximum transaction to Zerodha.",not specified
Detractor,APRIL,6,First of all whatsApp assistant not support in my case please check it,WEB/APP
Detractor,MAY,5,Fluency in communication should be improved not up to the mark.,People
Passive,MAY,7,for demat account your support is very poor,Service
Detractor,APRIL,2,For diposit funds take more than 2hrs try many times after market close funds aadded in acc verry disappointed,WEB/APP
Passive,JUNE,7,For equity please separate group provide in telegram channel.Sometimes derivative orders are not executed and it will placed later.,WEB/APP
Detractor,MAY,1,"Fradue broking company, complaint nse",not specified
Detractor,APRIL,0,Fraud hopeless and ill mannnered staff,People
Detractor,MAY,0,Frustration with kotak securities  continues,not specified
Detractor,MAY,0,Getting trapped,WEB/APP
Detractor,MAY,2,give proper dealer,Service
Detractor,MAY,3,Glitches occurred while square off a trade. Faced this problem so many times. And this glitch got my trade in losses üòû,WEB/APP
Passive,APRIL,7,Good,not specified
Passive,APRIL,8,Good,not specified
Detractor,MAY,1,Good,not specified
Passive,APRIL,7,GOOD BUT NEED MORE SMUTH,not specified
Detractor,APRIL,5,Good but strategy based trading in options should be there so that trading can be done according it,not specified
Detractor,MAY,6,Good call,not specified
Detractor,MAY,5,Good thing This Is Kotak Neo is Less brokerage app.. Bad Thing is App hang anytime or we facing loss for for this technically glitches .. or no support from customer care for this issue,WEB/APP
Detractor,APRIL,0,Govt bonds should be allowed to trade and use as collateral and fd in other bank apart from kotak should be allowed to use as collateral with interest benefits.,product
Detractor,MAY,5,Grievances not resolves,not specified
Detractor,APRIL,5,Groww good application and simple and easy to use but Kotak trade app good but not very good please copy Groww app very useful and simple and nice interface and brilliant interface,WEB/APP
Detractor,MAY,4,Handshake Failed Solve this error in your application which lost my 16 k,WEB/APP
Detractor,APRIL,3,Hardly any interactions. More frequent interactions recommended,not specified
Detractor,MAY,3,He heard my issues patiently and sweetly but no redress all or response has been received after 4 days.,Service
Detractor,APRIL,1,Heavy extra charges,Charges
Detractor,APRIL,0,Help the customer,not specified
Detractor,MAY,3,High Brokarge in Delivery,Charges
Detractor,APRIL,0,holding charges very high,Charges
Detractor,JUNE,3,Hope for the best.I love Kotak Bank,not specified
Passive,APRIL,8,Hope to get quick feedback in the times of crisis.,not specified
Detractor,APRIL,0,hopeless service by escalation team and all connected with refund/payment of my money requreid for marriage.,Service
Detractor,APRIL,0,"I , Madhu Sudan Das highly appreciated your services but I wish to trade in F & O segment onward.So activate my F&O segment as early as possible. I attach my pension slip on your site.",WEB/APP
Detractor,APRIL,0,I am calling and mailing again and again but not solve my issue and not contact me for any further process,not specified
Detractor,APRIL,0,I am calling and mailing again and again but not solve my issue and not contact me for any further process,not specified
Detractor,MAY,1,"I am not satisfied with old Or new nio both app. Not so smooth eg. Icici, reliance equity app.",WEB/APP
Detractor,MAY,0,I am really fed up with your platform and app,WEB/APP
Detractor,APRIL,2,I am so happy but I have not money,WEB/APP
Detractor,MAY,4,I availed limit against share. After 1 year I got communication that I need to pay for shares. The platform showed limit but was not considering it against shares. Eventually shares were sold and repeated communication with customer care did not gave me any answer.,process
Detractor,APRIL,2,"i cant add money due to your technical issue.for two days,you will improve  tour technical promblem solutions",WEB/APP
Detractor,APRIL,1,i cant add money last two days due to technical issues so i will suggest to improve  your technical skills.,WEB/APP
Passive,APRIL,7,"I COMPALNT LAST TIME AND I GIVE RATING 1.IN THIS TIME GIVE. BECAUSE I COMPALNT, SOME ONE CALL AND HELP TO ME. THE BROKARGE GOOD INTERDAY FREEF .MARGIN TRADING ALL ARE GOOD .FINALY I WANT  HAPPY TO TRADE . THANK YOU GOVIND ZHWE0",WEB/APP
Detractor,APRIL,0,"I COMPLAIN AGAINST MR.RAJIB GHORAI,SALT LAKE BRANCH,KOLKATA FOR MISGUIDING ME.",People
Detractor,MAY,0,I couldnt login into nest trader the whole day.Your people had had 2 days time for system maintenance but still couldnt make systems working on Monday morning.,WEB/APP
Detractor,APRIL,2,I do not remember the lady representative name from Kotak securities customer but she was very helpful and prompt in taking the action i.e putting the Dealer calls on Do not disturb for me.,not specified
Passive,APRIL,7,I dont about it,not specified
Detractor,MAY,0,I dont remember interacting with anyone offlate. Bring my brokerage down/lower.,Charges
Detractor,MAY,0,"I dont want give suggestions for dealer, i want suggestions for unqualified engineers who made useless web or App of kotak securities, without beta or back-end testing they launched.. always glitches o",WEB/APP
Detractor,APRIL,0,I filled regarding my trading query but after 3 months no proper response by kotak team and still they didnt solved my issue.,not specified
Detractor,APRIL,0,"I got big losses two times because of your mistakes.1. 105000/- due to app mistakes.2. 48000/- due to noncommunication before square off pending CE. And both the time, never accept mistake by you",WEB/APP
Detractor,MAY,1,I have already mailed my concern regarding brokerage charges and margin trading rate of interest is also too high. Kindly go through the same and do the needful as I have already stopped my trading activities,Charges
Detractor,APRIL,1,I have been requesting for access to online charts which come part of the application - but i couldnt get access after multiple follow up. Finally I gave up and opened Zerodha account.,WEB/APP
Detractor,JUNE,6,I have been with you for more thwn a decade. Now I am planning to quit trading. The relationship was generally businesslike with nohuman-warmth in your dealings.,Service
Detractor,JUNE,0,I have given the complaint and yet not redo any update I am going to close the Acc,not specified
Detractor,APRIL,4,"I have issue in chart and position, in chart its hard to watch and glitch same time.And in position, i buy a option lot yesterday and sell today so there are show loss. Even I got profit.",WEB/APP
Detractor,MAY,0,I have not received any call from any employee so in this situation How can I rate ?,Service
Detractor,MAY,2,"I have noticed that the response to my calls is consistently delayed, even after multiple reminders. This delay has resulted in a substantial loss for me as I am not well-versed in handling the trading app. I kindly request that you develop a mechanism to ensure a prompt response to my calls. I am willing to pay for this service, as delayed response in trading advice and help can result in significant losses for me.",WEB/APP
Detractor,APRIL,1,I loss money,not specified
Detractor,APRIL,1,I loss money,not specified
Detractor,MAY,0,"I lost approximately above 6 lakhs due to ,the trade expected by Kottayam branch representative.Because her trading I lost the hardly earned money since many years.I never recommend your firm for trading.",WEB/APP
Detractor,MAY,0,I m just harassed with the kotak bank why kotak bank is just behind of customer for everything wather its personal loan or feedback survey if customer is not interested why bank is pushing customer for everything,others
Detractor,APRIL,0,I need someone on the higher level with some knowledge to call or would like a meet with if yr relations manager in person Thank you,People
Detractor,APRIL,0,I opened trading account for neo trading account which is not provided to me,product
Detractor,MAY,1,I raised regarding chart not opening for any stocks dint rectified till now u tell me what rating I can give you,WEB/APP
Detractor,APRIL,0,I requested a consolidated report on charges and levies for the previous financial year however i was not provided with the same.,Charges
Detractor,APRIL,6,I send my 6 month statement for opening derivative which is still pending i wish to close my account if it is not opened within this month as i am a long time customer with a loss of more than 5 lakhs and still using your app,WEB/APP
Detractor,MAY,0,I strongly believe that customer service executive are very poor in queries redressal. Training of all must be done in order to improve customer satisfaction score.,Service
Detractor,APRIL,0,I want advisory services or broker iwant to transfer my account to local broker kotak Vijayawada,Service
Passive,MAY,8,I want better service,Service
Detractor,APRIL,1,"I wanted to invest ‚Çπ3 lakhs on 24/03/2023 in mutual funds. I have entered the details on the securities platform. There were some glitches. I have been asked to again purchase the same units and I have done that. Today its 02/04/2023, still the issue is unresolved. Still the purchases are being shown as Under Process. This is a very bad experience for me and it appears that no one at Kotak is responsible for solving the issue. I want kotak to do something to resolve such issues in a time bound manner or else the investors have got a lot of options to take",WEB/APP
Detractor,APRIL,1,"I wanted to invest ‚Çπ3 lakhs on 24/03/2023 in mutual funds. I have entered the details on the securities platform. There were some glitches. I have been asked to again purchase the same units and I have done that. Today its 02/04/2023, still the issue is unresolved. Still the purchases are being shown as Under Process. This is a very bad experience for me and it appears that no one at Kotak is responsible for solving the issue. I want kotak to do something to resolve such issues in a time bound manner or else the investors have got a lot of options to take",WEB/APP
Detractor,MAY,1,I was kept to wait for more than 10 mins and call was disconnected,Service
Detractor,APRIL,1,I was requested help from your team regarding trading charges.....,Charges
Detractor,APRIL,1,"I was told to get a call back within 24 hrs,but till now , didnt get the call from kotak securities representative for query related with API access",Service
Passive,APRIL,8,I would like to talk to my dealer.7337720101,not specified
Detractor,APRIL,0,If above suggestions not workable then close my gold account with you i am happy to trade with other brokerage house.,WEB/APP
Detractor,MAY,0,"If you cannot provide support to your customers, they why do you advise us to open a demat account and start trading?If you cannot take the ownership and responsibility of your customers money, then why do you trade on their behalf and then leave and run away once you end up in a loss??Im not getting any proper response from the KS and all Im hearing is that they only advise about the investments and it is upto the customer whether to buy the shares or not. You should not tell this after wasting around 3 lacs of my money.You are just playing with your customers money and do you still expect a feedback from us??????",Service
Detractor,MAY,3,Improve apps function,WEB/APP
Detractor,APRIL,0,Improve customer careIt seems you dont care at all,Service
Detractor,APRIL,4,Improve interface,WEB/APP
Passive,MAY,7,Improve recommend stocks,reasearch
Detractor,APRIL,0,improve service condition,Service
Detractor,APRIL,5,Improve speed.due to hanging problem we lost money,WEB/APP
Detractor,APRIL,2,Improve the app experience,WEB/APP
Detractor,APRIL,1,Improve the service and resolve the customer issues on time without delaying and keeping the same waiting for undue time,Service
Detractor,MAY,0,Improve your app.Due to your application problem i suffered huge loss.,WEB/APP
Detractor,JUNE,0,Improve your software when trading is online.,WEB/APP
Detractor,APRIL,1,Improvement is essential,not specified
Detractor,MAY,3,Improvement is still needed in all respects,not specified
Detractor,MAY,3,In app as well web Price not update on real tome. Order and position tabs are very confusing.,WEB/APP
Detractor,MAY,1,Informed frequently by call entilted for free credit card once issued applied charges for card and annual fees,WEB/APP
Detractor,MAY,4,"Instead of discussing Trading related issues ,Dealers are more interested in selling other products including car insurance and life insurance which is absurd",Service
Detractor,APRIL,0,Interaction at regular interval to facilitate the customer.,Service
Detractor,APRIL,5,Interday and options call TGT not hiting always all recommended short term long swing call not perfect always lossing my money better dont send recommention buying selling call or sms,reasearch
Detractor,MAY,1,Interest and other charges very high,Charges
Detractor,MAY,1,Intraday zero brokerage plan was changed to 5/lot because of issues related to penalties due to margin shortage issues.,process
Detractor,APRIL,0,IPO timing should be upto 3 or 4PM; Linked FD balance should be accepted in ASBA;SME IPO allowed online upto 3 or 4 pm;Transfer of fund / money between savings & Trading A/c should be automatic,product
Detractor,APRIL,0,IPO timing should be upto 3 or 4PM; Linked FD balance should be accepted in ASBA;SME IPO allowed online upto 3 or 4 pmTransfer of fund / money between savings & Trading A/c should be automatic,product
Detractor,APRIL,0,IPO timing should be upto 3 or 4PM; Linked FD balance should be accepted in ASBA;SME IPO allowed online upto 3 or 4 pmTransfer of fund / money between savings & Trading A/c should be automatic,product
Detractor,JUNE,4,Irrespective of mail and request my margin against gold bond has been withdwan without any reason even though it was a part of approved list,WEB/APP
Detractor,MAY,0,Issue not resolved. Creating multiple query ids. No proper answer from every person i have interacted. Just cant be repeating same things again and again.,not specified
Detractor,MAY,0,It has been more than 3 weeks I hv been trying to get help from my Relationship Mgr.  I hv a trading acct from 2002 but not at all happy with the offline help.,WEB/APP
Detractor,MAY,0,"It seems like Kotak Securities is playing some foul game and trying to loot their customers by charging interest. I raised issue of unpledging in 2nd week of May 2023, which is not resolved yet. I do have sufficient fund in my trading account still receiving message from customer care that they are not able to unpledge due to insufficient funds. None of your agents are able to tell me how much fund is required. I am highly disappointed with the pathetic service you are providing. I will soon raise alarm with SEBI for the malpractices executed by Kotak Securities.",WEB/APP
Detractor,MAY,0,It should be updated immediately,not specified
Detractor,MAY,2,It takes lots of time/ buffering in placing one order. Complusary need to improve specifically for F & O transactions.,WEB/APP
Detractor,MAY,0,"Its high time you need to integrate with Trading view, like the DHAN app. Present web app is primitive and full of sluggishness & glitches.",WEB/APP
Detractor,APRIL,3,"Its very unfair to point out only dealer problem. Kotak securities is very back dated,not Client friendly Please try to value add in various aspect ( knowledge, technical), try to reduce brokerage burden, dont change dealer frequently bcoz clint - dealer relationship make more confidence. Must improve technology part of your platform, Technology glitches make us most irritation.",WEB/APP
Detractor,MAY,1,Jab bhi market me fast fluctuation hoti h aapki aap work nhi krti.. pid pending me chali jati h. Kisi bhi script me fast move aaye ga toh usme trade daalo toh bod 30 ..40 sec baad confirm hoti h..Ye problem sabse badi h aapki app me pichle 1 saal se..jisko kotak shayd bilkul sudharna nhi chahati hai...,WEB/APP
Detractor,MAY,2,Just disappointed,WEB/APP
Detractor,MAY,0,Just pathetic,not specified
Detractor,APRIL,6,Kendal chart is very bad  dile slow,WEB/APP
Detractor,MAY,0,kindly change your app developer and all it team otherwise ready for shut down your business,WEB/APP
Detractor,JUNE,0,kindly improve the interface and customer should be contacted by the Rm. As no one cares who so ever is doing also the customer care is not appropriate to resolve the queries.,WEB/APP
Passive,MAY,8,kindly keep the mails specific and point to point,not specified
Detractor,APRIL,5,Kindly make platform similar to Zerodha if possible.. I tried almost all brokers but Zerodha is best in charting and user inte face point of view... Kindly call if require more and accurate feedback,WEB/APP
Detractor,JUNE,0,Kindly reduced my brokerage and please share my dealer no so that I can coordinate I am trying to call but no is not reachable please provide direct no,Charges
Detractor,MAY,1,Kindly update the system so regarding it runs steady without any interruption because of your system we have to lose money.,WEB/APP
Detractor,MAY,2,Kotak is charging arbitrary charges. Whenever i am in loss they charges much extra amount. If I am on profit than also more extra amount is deducted. Not at all clear how much money they are deducting on intraday trading even it is zero brokerage account.,Charges
Detractor,APRIL,2,KOTAK NEEDS TO TAKE SERIOUS EFFORT TO RECTIFY BASIC / FUNDAMENTAL FLAWS,Service
Passive,JUNE,8,"Kotak Neo App is not made enabled to me.Brokerage reduction is delayed, despite my excellent track/transaction record for years.",WEB/APP
Detractor,MAY,1,kotak neo is not good hanging problemthere is no G.T.T oder in derivativeslast week I pay delivery charges due to app problem in currency derivatives at last on 4:45pm app hang and Oder convert into delivery,WEB/APP
Detractor,MAY,0,"Kotak nio app is worst performance, not working during market time, very risky trade with nio",WEB/APP
Detractor,MAY,0,Kotak securities app morning 9:15 correct time heng 5 to 12 min this time not updated any order  not working big problem heng my 10..to 15 time big loss but  team no solution Im unhappy......Im this app use only free brokrage,WEB/APP
Detractor,MAY,0,kotak securities cheated me,not specified
Detractor,JUNE,0,"Kotak Securities days are numbered, mark my work it wont last for much time.  Sooner or later who fall for zero brokerage would realise what mistake they have done by choosing Kotak Security as their broker. Any way here I am gonna list some issue I have  raised many times to Kotak customer representative, even though I have complete faith nothing gonna happen on these issues.1. Kotak Sec advertise themselves as zero brokerage trading platform, how one can trade if your platform (kotak neo) provide absolutely no intraday leverage or margin in scripts. Kotak neo provides leverage  on less than 100 scripts. So goodbye Intraday trading on Kotak neo.2. I have repeatedly asked a feature on the kotak neo mobile app which will provide an edge to the scalpers community by making lower tab (where HOME, WATCHLIST, ORDERS, PORTFOLIO, INVEST are situated)  static. Though this feature is available on the desktop site where the upper most tab remain static. Presently if anyone go to  execute an order the lower most tab disappear from the page as soon as order window open and after order execution one have to manually press   back button many time to go to home page and then navigate to position page. If the lower most tab became static like the web version it will remain on the window no matter which page is open. You can imagine where every millisecond is important how game changing it could be to the day trader and scalpers community.3. Spent some money on Tradingview   and have some better feature make available like trading directly from  chart, drag and drop execution features.I am again saying that I have complete faith there wont be  any change regarding these issue. And I believe that People specially newcomers will come to Kotak but will leave within no time because nobody wants to use a platform which is decade behind its competitor in terms of technology. Kotak cant survive by forcefully  Selling insurance in the name of recommendation",WEB/APP
Detractor,APRIL,0,Kotak securities is highly unprofessional organization. KS does one way communication. Liquidate shares of customer without consulting customer. Acting arrogantly on their own. Don‚Äôt listen customers n do what they like. Bunch idiots are sitting In organization from top to bottom. Trading platform is not stable. Charges high brokerage n liquidate shares like 1 2 6 in terms of number of shares to maximize KS brokerage income. Many more points to complain but why should I suggest u anything when I‚Äôm going to discontinue with KS,Charges
Detractor,MAY,0,Kotak security app for funding does not work contionously during trading hours,WEB/APP
Detractor,APRIL,0,Kotak security customer care team member are very useless and Kotak stock trader application very poor.,WEB/APP
Detractor,APRIL,0,Kotak sold my stocks with out information Very bad,process
Detractor,JUNE,0,Kotak stock trader app crashed many times.,WEB/APP
Detractor,MAY,3,"KSE app is very slow and to refresh position, it doesnt do automatic. Manually we need to refresh (eg from positions to orders to positions to check updated positions )",WEB/APP
Detractor,MAY,2,KSL workers ara not willing workers they dont care for clients and do not have interest to solve the problems and start talking before asking the clients.they think very intelligent and the clients are stupid I found only the person who is a professional gentelman that is mr parsant maheshwari he is really taking pain to help and solving the issues of clients but my Kst treaders app is not opening the leadger and account statements since 6th feb 2023 but your I T people are good for nothing and sofar they are not in position to do the needful This is kotak security It seems someone temperd with my account with malafide intentions Please tell me what to do now I hope someone will answer me Thanks,WEB/APP
Detractor,APRIL,0,"last one month there is no solution of my query, i have been submitted number of time video recording of my issue but didnt solve it till today",WEB/APP
Passive,MAY,8,Live market charts can be shown before login. In the old app live market charts was showing before login,WEB/APP
Detractor,MAY,1,Looting public money in a systematic way that no one can ask question and bank can do anything and no one can take legal action. Public money is not in safe hand kotak is the worst bank ever.,not specified
Detractor,JUNE,0,lot of improvement is reqd,not specified
Detractor,APRIL,6,Lot of technical glitch in the app. Lot of improvements are required. Proper hand holding of the customer is required.,WEB/APP
Detractor,MAY,1,Ma,not specified
Detractor,MAY,0,MAINTAIN APPLICATION FLEXIBILITY,WEB/APP
Passive,MAY,8,"Many times, your server is stuck up. Kindly upgrade your server",WEB/APP
Detractor,MAY,0,Margin trading facility should be easy to disable. At any point of time the available cash and funds should be visible.,WEB/APP
Detractor,APRIL,0,MAY GOD HELP YOUR ESCALATION TEAM SPECILLY THOSE WHO DO NOT UNDERSTAND THE CUSTOMER COMPLAIN AFTER SEVEREL DISCUSSION IN DETAILS.,Service
Detractor,MAY,0,Mera amount 14000 jo kotak ne le liya vapis dijiye,not specified
Detractor,JUNE,0,Mharbani mafe karo,not specified
Passive,JUNE,7,"Modify trading system for choosing the freedom of stoploss and target, thank you",WEB/APP
Detractor,APRIL,3,More frequent interaction,Service
Detractor,MAY,0,More transparency and accountability required.,not specified
Detractor,APRIL,0,Most of dealing hands do not have proper knowledge they only repeat the content of messages sent by sebi. Or kotak. They are only messenger. They do not have ability to help or handle issues. Most of time They dont pick up phone or find excuse to drop call to contact again.Very unsatisfied,People
Detractor,MAY,1,Most of the Customercare officers are novice & dont know much & therefore fail to respond proper reply to my queries.,People
Detractor,MAY,0,Must ask investor before liquidating position,process
Detractor,APRIL,0,My account blocked approx last three month I am not IT experienced four to five time call your call center but my query not resolved till date.,WEB/APP
Detractor,MAY,0,My account manager not experience,People
Detractor,APRIL,0,My complaint was not listened,not specified
Detractor,MAY,2,My Demat Account should be transferred to Kotak Securities.,product
Detractor,JUNE,0,My experience bad service,Service
Detractor,APRIL,5,My Fund Transfers are not not reflected in my account on the same day but after 3-4 days due to which excess interest is debited to my account. I had raised this Query several times but no satisfactory response received.,WEB/APP
Detractor,APRIL,0,My issues-previously and again now is not resolved,not specified
Passive,MAY,8,My last issue clarification is still pending,not specified
Detractor,MAY,0,my mutual fund payment has not been received for 2 weeks,WEB/APP
Detractor,APRIL,0,My problem is unsolved,not specified
Detractor,APRIL,0,My query regarding my subject is not resolved...While I call care two time.,not specified
Detractor,APRIL,0,My query regarding my subject is not resolved...While I call care two time.,not specified
Detractor,APRIL,0,Na,not specified
Detractor,MAY,0,Na,not specified
Detractor,APRIL,1,Need complete bond both BSE and NSE with YTm and maturity date and interest frequency and coupon rate etc on screen,WEB/APP
Detractor,MAY,3,Need More faster then current speed without leggings,Service
Passive,APRIL,7,need some smooth flatform and access easyily.,not specified
Passive,MAY,8,Need to change some settings for smooth interface,WEB/APP
Detractor,MAY,0,needs much improvement,not specified
Passive,MAY,8,"Neo app gives time of trade call, but site does not give time. This creates confusion. Also squaring off delivery stocks needs improvement.",WEB/APP
Passive,MAY,8,"Neo app gives time of trade call, but site does not give time. This creates confusion. Also squaring off delivery stocks needs improvement.",WEB/APP
Passive,MAY,8,"Neo app gives time of trade call, but site does not give time. This creates confusion. Also squaring off delivery stocks needs improvement.",WEB/APP
Detractor,JUNE,1,Nest terminal kab chalu karenge 3/4 mahine Ho Gaye ab tak chalu hua nahin,product
Detractor,APRIL,6,Nice query,not specified
Passive,MAY,8,Nice to receive frequent Buy call for many scripts when market dips in red significantly when kotak market research experts must see short recovery for sure healthy returns. Usually when market seems weak in red never receiving expert advise to grab invetment opportunities for many indices stocks so when realizing then missed right time to invest.,Service
Detractor,JUNE,0,Nil,not specified
Detractor,MAY,4,No,not specified
Detractor,MAY,2,No,not specified
Detractor,MAY,1,No,not specified
Passive,APRIL,8,no,not specified
Passive,APRIL,7,NO,not specified
Detractor,APRIL,4,No,not specified
Passive,APRIL,7,No,not specified
Passive,APRIL,8,No,not specified
Passive,MAY,7,No,not specified
Passive,MAY,8,No,not specified
Passive,MAY,8,No,not specified
Passive,MAY,8,No,not specified
Detractor,MAY,0,No,not specified
Detractor,MAY,0,No,not specified
Detractor,MAY,1,No,not specified
Detractor,MAY,2,No,not specified
Detractor,MAY,0,No,not specified
Detractor,MAY,0,No,not specified
Detractor,JUNE,3,No,not specified
Detractor,JUNE,0,No,not specified
Detractor,APRIL,3,No able to do business,not specified
Detractor,APRIL,1,No action taken even after 2 days of request to convert margin holding to normal holding nor any update was provided in terms of TAT.,Service
Detractor,MAY,0,No call from the Dealer inspite of making several calls today.,Service
Detractor,APRIL,0,No Calls from any employees nor interacted with.,Service
Detractor,APRIL,0,No clear,not specified
Detractor,MAY,1,No comment nahi,not specified
Passive,APRIL,8,No comments this time because i m joining the app some months ago...,WEB/APP
Detractor,JUNE,1,No feedback,not specified
Detractor,MAY,0,No hailps koijankari nahi deta han,not specified
Detractor,JUNE,0,No interaction by any one. No person called,not specified
Detractor,APRIL,5,No interaction in recent times,not specified
Detractor,MAY,0,No not any more,not specified
Detractor,MAY,0,No offline help arranged.,not specified
Detractor,APRIL,5,No one called me. Cant give feedback for nothing,not specified
Detractor,MAY,0,No one calls me for anything but i receive daily massages for rating off service. Good joke,Service
Passive,MAY,7,No one giving concrete advice.,not specified
Detractor,JUNE,0,No one interacts with me.,not specified
Detractor,MAY,0,No other suggestions,not specified
Detractor,APRIL,3,No please ask DEALER to Give reply within reasonable time.,People
Detractor,APRIL,0,No queries are answered.  You cannot get anybody on phone.  They have absolutely no knowledge of what they are doing.they dont attend to our problems at all.  All these areas need your attention.,People
Detractor,MAY,2,No resolution given on my quary,not specified
Detractor,MAY,0,no response was provided even after repeated requests in the watsapp helpline,WEB/APP
Detractor,MAY,4,No rm were given,Service
Passive,MAY,8,No suggestion.,not specified
Passive,MAY,8,No Thanks,not specified
Detractor,MAY,1,No tool available Direct Trade Excute to Chart and excute trade P&L on the chart like (Tradingviews),WEB/APP
Detractor,APRIL,4,No use to give suggestions.,not specified
Detractor,APRIL,3,No.,not specified
Detractor,MAY,3,No.,not specified
Detractor,MAY,0,No.,not specified
Detractor,APRIL,5,No. All concerns have already been spelt out.,not specified
Detractor,JUNE,2,No. As it is of no use.no action.,not specified
Detractor,MAY,1,No. Thanks,not specified
Detractor,APRIL,0,Nobody contacted or reached me.Not sure how I receiving feedback form. The point of contact to my account is not at all responsive with my emails and not able to reach him. Its just dummy person just for the sake shown in my account,not specified
Detractor,MAY,0,NOBODY TAKES CARE WE GROUP OF 59 WANT TO LEAVE KOTAK  NO ONE IS HELPFUL SEE ZERODHA JMF ETC. PLEASE TAKE YOUR TEAM TO LOOK AFTER SMALL INVESTORS THANKS FOR ASKING,not specified
Detractor,MAY,0,NON RESPONSIVE ATTITUDE OF TOP OFFICERS WHO ARE WELL AWARE OF CUSTOMERS ISSUE SITTING MUTE SPECTATOR,not specified
Passive,APRIL,8,None,not specified
Passive,APRIL,8,None,not specified
Passive,MAY,7,"None other feedback, thank you.",not specified
Detractor,APRIL,0,"None,best to switch to other brokers.",not specified
Detractor,MAY,0,None.useless platform,WEB/APP
Detractor,JUNE,0,Not a single issue has been resolved in the last 8 monts. Kotak is the worst brokerage. We will soon pull out 3 accounts with Kotak Securities.,not specified
Detractor,APRIL,0,Not able to start my commodity segment,product
Detractor,JUNE,1,Not answering on given number,Service
Detractor,APRIL,0,Not at all,not specified
Detractor,MAY,0,NOT BACK CALL,not specified
Detractor,APRIL,0,Not getting responses from mapped RM,WEB/APP
Detractor,APRIL,0,Not good service experience,Service
Detractor,MAY,0,"Not happy...you charging brokerage too high , dp charges too much.  Interest rate too much..... today your representative visit my office and told me lowest brokerage on new account.   That mean who having old account...which i think not beneficiary for kotak sec.    You giving many benefits on new account that mean old account who giving you good profit not useful for kotak sec...... please reduce brokerage, Dp charges and interest charges. Before i use only 5 days your fund you charges me more than 1200 rs. Interest.....i told many times to before dealar please reverse my dp charges and other charges which charged too much.not yet done.  Not happy at all..now thinking to transfer account in HDFC who giving best",WEB/APP
Detractor,APRIL,0,Not interested customer service sitting at call center with zero knowledge and mis selling and wrong information to customer,People
Detractor,APRIL,5,Not much interaction & response.,not specified
Detractor,APRIL,0,Not my issue to give suggestions to the company,not specified
Detractor,MAY,0,NOT RESPONSIBLE,not specified
Detractor,APRIL,3,Not satisfied,not specified
Detractor,JUNE,2,Not satisfied about raised query. Not giving particular any suggestions or solving my problem.,not specified
Passive,APRIL,8,Not user friendly and the UI colors were so light which making hard to read,WEB/APP
Detractor,MAY,0,Not willing to help to resolve my query. Asking to share screen shots not providing email id to which I have to share. Not interested to hear the problems I am facing in loggin to my account.,not specified
Detractor,APRIL,0,Nothing,not specified
Detractor,APRIL,4,Nothing,not specified
Detractor,MAY,0,Nothing,not specified
Detractor,MAY,0,NOTHING,not specified
Detractor,APRIL,1,Ok could me more helpful,not specified
Detractor,APRIL,0,On Shri Ganeshay Namah,not specified
Detractor,APRIL,1,Online trade support needed on quick basisIf platform works similar way I will leave this platform,WEB/APP
Detractor,MAY,5,Open offer buy back order category BO how to place order at KST or through dealer?Report issue of non display of bond and realised P&L statement wrongSLB very late responses on order registration and no call for order execution.Need to improve on support as well escalation team responsesSLB to be part of KST,WEB/APP
Detractor,APRIL,1,opening the account I was told that no DP charges would be there but every month I have to pay very high DP charges I dont know why please call me on my registered mobile number for clarification,Charges
Detractor,APRIL,1,Order confirmation pending problem chart loading problem üò†App legging and glage hanging problem üò†order by and square of problem,WEB/APP
Detractor,APRIL,0,Pathetic service lost all my money dealer and his managers were all playing with my hard earned money,Service
Detractor,MAY,0,"Pathetic service, not ready to help",Service
Detractor,JUNE,1,Pathetic service. Your team spoiled all my GTC orders and there was no convincing response,Service
Detractor,APRIL,0,Payment issue,WEB/APP
Detractor,APRIL,0,Pick up the call and resolve the issues.,Service
Detractor,MAY,0,Pl  how long customer associate with kotak and understand issue and try to resolveThanks,not specified
Detractor,MAY,0,"Pl check my mails ,lots of gaps what your people say on call v/s on mail‚Ä¶query not resolved yet",not specified
Detractor,JUNE,1,Placing of orders take very much time.,WEB/APP
Detractor,APRIL,2,Platform not working properly,WEB/APP
Detractor,APRIL,1,Please activate intra day free service in my account.CLIENT CODE NO.OQJW2,product
Detractor,APRIL,3,please add iceberg order,product
Detractor,APRIL,0,Please Call dealer to respond on customers request.,Service
Detractor,MAY,0,Please dont be unethical. Earn ethically.,not specified
Detractor,MAY,0,Please dont disturb me,not specified
Detractor,MAY,5,"Please give at WhatsApp about ups and downs of any share having in the DP of investor/customer,  help to make profit your customer,",WEB/APP
Passive,MAY,8,Please give us research call give in mail or whats,Service
Detractor,APRIL,6,please look into this matter,not specified
Passive,MAY,8,Please provide commodities option chain,product
Detractor,MAY,5,Please provide expiry day trade for below .50 pise order placing in 9.30 am,product
Detractor,APRIL,1,Please provide me the personal dealer .very very very poor and slow service provide dealer as soon as possible,Service
Detractor,APRIL,0,Please redress my quories,not specified
Detractor,MAY,5,Please reduce brokerage as my turnover is getting bigger day by day and it affect my profit earned,Charges
Passive,MAY,8,Please reduce delivery based brokerage,Charges
Detractor,APRIL,3,Please reduce Delucery brokerage,Charges
Detractor,MAY,0,Please shut ur shop,not specified
Detractor,APRIL,1,Please solve my quarries without solve my queries mail forwarded me that solved queries,not specified
Passive,MAY,8,Please state me know the MonthlyDP charge briefly.,Charges
Detractor,MAY,0,Please stop sending messages for feedback every day.,Service
Detractor,MAY,0,Please take charges paper on signature so at least client know what he has pay in future or explain rate structure. No one become fool like me. Which you will never accept it.,Charges
Detractor,APRIL,5,Please take order instantly,WEB/APP
Detractor,APRIL,1,"Please take the customer complaints seriously and address them on priority seriously . At present it is buck passing and no real time solution . We shall call you back is the permanent answer and the problem lingers on .Thanks & regards ,",Service
Detractor,MAY,0,"Please treat the existing old customers well, as they have been paying brokerage at a very high rate (for me it is 0.6%).My email dated 17-11-2022 for reduction of brokerage charges has not been answered till today.My attempt to activate the Trade Free Plan fails due to Error on the website.Calling the Dealer did not resolve the issue.",Charges
Detractor,APRIL,1,Please try to revert back if you are not in a position to take call as mentioned in your recorded msg,Service
Detractor,APRIL,0,"Please, i have spent atleast 15 lakhs as interest and other expenses for nothing (High Cost, Site & App behave abnormal). Your calculation methods, providing reports and recommendations are reverse. ( All give negative results). Staff dont know what they are talking about (Your MTF methods & lending are useless)",WEB/APP
Detractor,MAY,0,Pls call me so that i can explain,not specified
Detractor,MAY,0,Pls chenge RM & Confirm Me,People
Passive,APRIL,8,Pls minimise my brokerage chages 0n option trading,Charges
Detractor,APRIL,0,Pls provide,not specified
Detractor,APRIL,0,Pls provide,not specified
Passive,APRIL,7,"Pls work on app ,make your app easy to use and faster.",WEB/APP
Detractor,APRIL,0,Plz keep responsible employ,not specified
Detractor,APRIL,0,Plz solve my problem,not specified
Detractor,APRIL,0,Poor Experience,not specified
Detractor,MAY,0,"Poor in resolution and most fraud active broker in worldwide to manage the fraud with the clients. worst in the industry, there is only involvement to wipe the money from the account to manage their expenses. this broker must be wipe or shrink down in the market ...there is no rating for the broker and back office, Hope in future our generation will not meet with this broker service. no words to write , only- this broker must escape from the market lime light",Service
Detractor,APRIL,0,Poor service from Dealer,Service
Detractor,MAY,4,"Poor services in reflecting funds in morning,your team is taking to much time for the same in neo.Secondly brokerage need to reduce or free brokerage as other platforms are recently started the same and if no improvement seen ,i also need to switch on to other.Thirdly during swipe order it provides always at higher side during buying,not at real price and same for vice versa for selling.Hope you consider and try to improve.Regards",WEB/APP
Detractor,MAY,1,Position showing long time after book the trade this is vire dangers and harmful please solve this ishu and most of time hang the applicationtnx,WEB/APP
Detractor,JUNE,0,Prefer to change broker as quality is poor,not specified
Detractor,APRIL,0,PROBLEM NOT SOLVE DURING TRADING HOURS,not specified
Detractor,APRIL,0,PROBLEM NOT SOLVE DURING TRADING HOURS,not specified
Detractor,APRIL,1,Proper information,not specified
Detractor,MAY,0,Proper solution is not provided,not specified
Detractor,MAY,0,Queary not solve,not specified
Detractor,MAY,0,Query not resolved since one week,not specified
Detractor,APRIL,0,Quick decision. Not send so many times pre  request,not specified
Passive,APRIL,8,Reatime data delayed to reflect on dashboard,WEB/APP
Detractor,APRIL,5,Reduce brokarage,Charges
Passive,APRIL,7,Reduce brokerage,Charges
Detractor,MAY,0,Reduce brokerage or I shall migrate to other trading platform having Zero brokerage.,Charges
Detractor,APRIL,1,Reduce charges,Charges
Detractor,MAY,2,Reduce the brokerage charges and interest on delayed payments too,Charges
Detractor,MAY,0,Relationship manager Manas Kumar Ghosh is not fully clear. Still I am waiting for proper guidance.,People
Detractor,MAY,1,Relationship manager not cooperating,People
Detractor,JUNE,5,Relationship Manager should be responsible to coordinate with Back end team about pending issues but they are just working like couriers. Back end team does not appreciate the real issues raised in the Queries & after passage of time they take it granted that the issues have no longer meaningful. Offline trade should be confirmed during business hours.,WEB/APP
Detractor,MAY,4,Repeated calls for credit card is frustrating,OTHERS
Detractor,MAY,4,Requested for Statement for last FY. Did not receive,Service
Detractor,MAY,5,Requesting kill switch button feature in neo since last 6 months as it will help to control overtrading in lots of traders.Already two Broker have implemented that and gained alot of account just with that kill switch traders control feature...When you guys do???,product
Detractor,JUNE,0,Response level is very slow,Service
Detractor,APRIL,0,RM not providing proper knowledge about app functions.,WEB/APP
Detractor,MAY,2,"RMO have very less knowledge regrading Demat account. Simple query was not solved by him. Also, still waiting for my email query.",People
Passive,MAY,8,"Selling folios amount transfer immediate for another buying, it is absence compare to hdfc securities.",Service
Detractor,APRIL,2,Senior citizens be allotted dealers at the local station or be brought under some local broker where personal meeting once in a bloom is possible and face to face resolution of problems is possible. Online dealers are not available when needed. Call back too is not there sometimes. Ostensibly they are overburdened. At least I am thinking to wind up with Kotak. Totally frustrated after more than 8 years.Facing Worst phase now at 71+. Cannot do everything by writing mails. Client code 4CcB2 wifes code HKT00,Service
Detractor,APRIL,2,Senior citizens be allotted dealers at the local station or be brought under some local broker where personal meeting once in a bloom is possible and face to face resolution of problems is possible. Online dealers are not available when needed. Call back too is not there sometimes. Ostensibly they are overburdened. At least I am thinking to wind up with Kotak. Totally frustrated after more than 8 years.Facing Worst phase now at 71+. Cannot do everything by writing mails. Client code 4CcB2 wifes code HKT00,Service
Detractor,APRIL,1,"Service manage Kunal,kartik both r working like government job.one common chane not allow in yr mobile app",WEB/APP
Passive,APRIL,7,"Should have trading RM in nearest Bank. So they can help in teaching trading, software uses. Trading ideas.",Service
Passive,APRIL,8,Should Improve app interface.,WEB/APP
Detractor,APRIL,3,Simplify Kotak AppVery complicated interface ...Getting data is difficultOnline customer support is WORST Experience,WEB/APP
Detractor,JUNE,6,sir as already written please come with a short term trading product in STOCKIT like the kotak securities expert will deploy the money in trending stocks for 5-10 days and returns will be calculated on monthly basis. minimum investment should be Rs. 200000.if investor/trader can get 3-5% monthly return  i guarntee you FIXED DEPOSIT WILL BE HISTORY SOON. I am eagerly waiting for such product.,product
Detractor,MAY,4,Site to be open 24x7,WEB/APP
Detractor,APRIL,0,Solve my issue and your platform as it never provides liquidity and is lagging to the core.,WEB/APP
Detractor,JUNE,1,Some guid to customer of trading.,not specified
Detractor,MAY,5,"Some how i am not happy ,i lost so much money",WEB/APP
Detractor,APRIL,3,"Some software issues in app, No dedicated relationship manager to improve our investment More",WEB/APP
Passive,MAY,7,Sometime while trading there are glitches occurs. Which can lead to big losses. Please improve that,WEB/APP
Passive,MAY,8,Staff should be more courteous and respectful,People
Detractor,MAY,0,still i cant see ipo and goverment bonds bids anywhere in your platform,product
Detractor,MAY,1,Still not resolved a complaint,not specified
Detractor,MAY,0,Still not working Keatpro for Mac IOS very disappointed.,WEB/APP
Detractor,APRIL,5,"Stop loss mechanism still not proper, suddenly app dont work, poor customer support.",WEB/APP
Detractor,APRIL,0,"stop spamming on mail,ads,messages and calls... its irritating",not specified
Detractor,MAY,6,T,not specified
Detractor,APRIL,1,Talk to us in regional languages,People
Detractor,MAY,5,TEAMTHIS IS TIME PASS OR YOU PROVIDE BETTER IN FUTUREHOPE YOU MAINTAIN VALUE OF BRAND KOTAK. ALL THE BEST,not specified
Detractor,MAY,6,"Technical department took almost 3 hours to resolve my query. When I asked person who called about delay in attending, he said as soon as he got intimation of my query from customer care, he attended asap.",Service
Detractor,APRIL,1,"Technical issue, made loss was unable to sell on profit..",WEB/APP
Detractor,APRIL,5,Technical problems are happening 2 to 3 times every month & moreover solving those problems are taking 2 to 3 days i.e.response is very unsatisfactory.please work in this area to solve the problem as soon as possible to make our journey smoother so that I can say others to join our kotak securities proudly.Thanks  yours sincerely Ajay Mukherjee.,WEB/APP
Detractor,MAY,0,The app is Bakwaas wrist. Not running smoothly and not confirmation order. Many time i faced loss due to this.,WEB/APP
Detractor,MAY,3,"The app is not at all accurate, many times errors happen,  but they dont care to solve",WEB/APP
Detractor,MAY,2,"The app is very bad, I had told on Friday also that no ones chat is visible, I have also complained on Friday.  If it doesnt go well today, I will delete the account.",WEB/APP
Detractor,MAY,0,The app shud show actually gain. Not gains including stt that gives completely wrong picture. Customer shud anytime be able too see how much are charges then and there not wait till contract note is received.,WEB/APP
Detractor,MAY,0,"The auto-speaker told that the call would be connected to a person for further guidance. But, it was disconnected.",Service
Detractor,APRIL,4,"The backoffice team is pathetic goregoan it park,they are not brother to guide customers properly,rm are always nonreachable",People
Detractor,MAY,1,The client relationship manager needs to be more sensitive to clients requests.,People
Passive,APRIL,7,The customer should be assisted with bank personnel other than online help which is not solving the matter immediately,Service
Detractor,APRIL,0,The dealer did not resolve my queries rather insisted on her own arguments,People
Detractor,APRIL,0,The dealer did not resolve my queries rather insisted on her own arguments,People
Detractor,MAY,0,The dealer/ releatinship  manager is not responsible and has no knowledge to solve any issue . They are very careless and they don‚Äôt have any importance for the client-issue .,People
Detractor,MAY,3,"The earlier complaint hasnt been addressed, and the morning glitches and slowness in order execution takes a toll on user experience, primarily for Day traders every fraction of second matters and  a 60  to 120 seconds lag is very serious and dents the prospects and defeats the purpose of otherwise good platform ie Kotak securities App both Android and Ios as well as offerings ie affordable plans to trade",WEB/APP
Detractor,MAY,3,The employee with whom I spoke for first didnt close or adress the issue and closed the call... the second employee gave information... but in urgency redressal is very slow ... I am dissatisfied with online service and need to be attached with any branch,Service
Detractor,APRIL,4,The employees are good,not specified
Detractor,APRIL,2,"The employees are not contacting for any issue raised by me. Even mails are not answered or not read properly by any executives. Reading the issue, understanding the issue are the main reasons not for you but every on line application.",WEB/APP
Detractor,MAY,5,The employees did not have the required knowledge to resolve my query. They tolde that they would call back but dod not.,People
Detractor,JUNE,1,The executives and managers do not have  product knowledge or resolving skills on products like MF or SMALL CASE  on Kotak security platform,People
Detractor,MAY,0,The executives does not provide proper response to the customer,People
Detractor,MAY,6,"The feed is extremely unstable, particularly in the afternoon. I dont get information in F&O segment such Open interest in option and built up positions of PUT and Call in respect of index as well as sto",WEB/APP
Detractor,APRIL,0,"The kind of chgs you have, i am waiting to square my transactuons even at loss.",Charges
Detractor,APRIL,2,"The mobile app and desktop portal are not user friendly. Even relationship managers dont understand the queries. They promise to mail or call, but dont do it or respond after several days.",WEB/APP
Detractor,APRIL,6,The query has not been addressed as yet.,not specified
Detractor,APRIL,1,The representative never called back and issue hasnt been fixed,Service
Detractor,MAY,0,"The tech platform is way too glitchy to b absolutely fair. I use it simply because I am a customer of kotak bank, nothing more",WEB/APP
Detractor,APRIL,0,"there is huge time lag and even after placing the orders , the orders are not executed thus resulting in loss",WEB/APP
Detractor,APRIL,5,There is no dedicated person or contact mobile numbers  to resolve the queries. It seems every one is outsourced .,Service
Detractor,APRIL,5,There is no propper cordination between the dealer and the linked bank account. When ever I raise a quiery regarding excess debit on account of security charges in the linked account the reply is to contact the bank.,Charges
Detractor,MAY,5,"There must be transparency in all the charges, interest on margin trading and brokerage etc..Please explain me each and every charges u levy",Charges
Detractor,MAY,0,There should be a way to get in touch with a person quickly.V poor service. Had opened trial account for my son. Will close it .,Service
Detractor,APRIL,6,There should be call back facility available,Service
Detractor,MAY,0,There were no call made.,Service
Detractor,MAY,3,Theres no tracking of my portfolio and no effort from your side to contact me for advising to sell or buy,Service
Detractor,MAY,0,They are not helpfull and rude too,People
Detractor,APRIL,0,They can‚Äôt solve the issue,not specified
Passive,MAY,8,They dont bother whatever client problem,not specified
Detractor,APRIL,0,They give you callback after 24 hours,Service
Detractor,MAY,1,They need to be more responsible,not specified
Detractor,APRIL,0,They should be polite and stop thinking that they are customer seniors. They should give service instead of posing as arrogant experts. They use the language of big boss instead of a service provider,Service
Detractor,APRIL,0,They should be polite and stop thinking that they are customer seniors. They should give service instead of posing as arrogant experts. They use the language of big boss instead of a service provider,Service
Detractor,APRIL,6,Theyre helpful,not specified
Detractor,APRIL,6,Theyre helpful,not specified
Detractor,APRIL,1,Third class service..my all over 50000 loss for only reason your application glitches.,WEB/APP
Detractor,MAY,0,Thirdclass service and very soon i am closing all my 7 savings and demat account and shifting to other bank where my procedure have started,Service
Detractor,APRIL,1,Though being an Previ customer was given an intra day free trading account where the charges and brokerage are more - even after several requests no one to hear or help,Charges
Detractor,MAY,5,Till date My complaint is not slove,Service
Detractor,APRIL,4,Too much of waiting time during interaction are annoying,Service
Detractor,MAY,1,Too much slow to open the application and also to open the charts,WEB/APP
Detractor,APRIL,0,Total worst,not specified
Detractor,JUNE,2,"Totally costly & Your app doesnt benefit the customer, it benefits you",WEB/APP
Detractor,JUNE,0,Totally Disappointed,WEB/APP
Detractor,MAY,0,Totally unsatisfied,not specified
Detractor,APRIL,0,Totally useless service. üòë,Service
Detractor,APRIL,0,Totally useless service. üòë,Service
Passive,MAY,8,Trade smart terminal is slow and sloppy. The interface needs to be faster. Slippage happens a lot.,WEB/APP
Passive,MAY,8,TRADING PLATFORM KeatProX & Keat3.0 are NOT GOOD FOR INTRADAY. COLUMNS ARRANGEMENT IN WEB PLATFORM IS TO LENGTHY.,WEB/APP
Detractor,MAY,1,Trading platforms are very poor,WEB/APP
Passive,APRIL,8,Treding plate from apis very poor,WEB/APP
Detractor,APRIL,3,Tremendous improvement needed. Kotak is not known for such unsatisfactory treatment,not specified
Detractor,MAY,0,U team not respond any problem,Service
Detractor,APRIL,0,UI is very difficult. Order punch and exit take lots of time. The watch last gets blank everytime we login. This affects our profit.,WEB/APP
Detractor,MAY,0,Unable to activate trade free plan,product
Detractor,APRIL,4,unsatisfactory experience in general,not specified
Detractor,MAY,1,Ur employee didnt solve any of my query... instead they told me that they are in learning phase.,Service
Detractor,JUNE,0,use less service,Service
Detractor,APRIL,4,Useless app wrong information,WEB/APP
Detractor,APRIL,0,"Very bad experience, my agent rarely calls, today tried since morning to speak but all vain.Even customer care didnt help me inspite they promised to contact with my agent.",Service
Detractor,MAY,1,Very badly managed the system by your end.,WEB/APP
Detractor,APRIL,0,Very bed called,not specified
Detractor,APRIL,0,very bed working your app,WEB/APP
Detractor,JUNE,0,Very high brokerage,Charges
Detractor,APRIL,1,"Very Lagging , price not refresh , worst experience",WEB/APP
Detractor,MAY,0,Very laid back approach,WEB/APP
Detractor,APRIL,1,very old platform needs a total overhauling,WEB/APP
Detractor,MAY,0,Very poor,not specified
Detractor,MAY,1,very poor customer services. too high option brokage plan and no alternative customized brokage plan. it was happen due to huge of customer with kotak security.,WEB/APP
Detractor,MAY,2,"very poor not updating real time , every time you add any script it does not reflect in watch list you have to reload  .SIMILARLY IT DOES NOT UPDATE PRICE MANY TIMES , WHEN YOU MODIFY THE ORDER IT WONT CHANGE UNTIL RELOAD.",WEB/APP
Detractor,MAY,3,Very poor portal and customer service. Query asked is never resolved or even responded.,WEB/APP
Detractor,MAY,1,Very poor service,Service
Detractor,MAY,0,Very poor service,Service
Detractor,MAY,0,Very poor service,Service
Detractor,MAY,4,Very poor service,Service
Detractor,APRIL,0,"Very poor service... kotak charges unfair brokerage and even after complaints, doesnt bother to refund the excess amount. They just lie about every thing",Charges
Detractor,APRIL,1,very slow action,Service
Detractor,MAY,4,Very slow service of this kotak neo.. Still facing problem. Not happy,WEB/APP
Detractor,APRIL,0,Very unhappy with dealer.,WEB/APP
Detractor,APRIL,0,Very unprofessional behavior,People
Detractor,MAY,3,"Very Very Bad experience of most of Traders. Dealers are not accessible or doesnt call back. No knowledge of products or trades for resolution of Queries by Dealers. Very 2 or 3 months dealers are changed, so communication breakdown always happens. And Emails are not replied in full or too much delay.",WEB/APP
Detractor,APRIL,0,Very very poor & disgusting reply,not specified
Detractor,MAY,0,Very very poor service delar support and also not have any knowledge and also not a single support customer service,People
Detractor,APRIL,2,Very very very slow service please provide best service .all employees has confused me,Service
Detractor,APRIL,0,Wants to close relationship,not specified
Detractor,APRIL,0,"We have ni problem with liaison officer she is giving prompt reply. The problem is Kotak regarding minimum brokerage charges clause. We are retailer are interested small quantities but due to minimum charges of rs. 15 we are facing problem.  There is no such clause in Zarodha or other reputed brokers. Now I have decided to switch the account due to heavy brokerage charges. Please let me know whether this minimum brokerage charges clause can be deleted. If not please let me know the procedure to shift the account. You will appreciate that you are earning handsome money from my account T01NO.I HOPE U WILL CONSIDER MY REQUEST AND REMOVE MINIMUM BROCHARGES CLAUSE TO ENABLENABLE ME TO TRADE SMOOTHLY.Thanks and regards,THAKUR SINGH NEGITO1NOMob 9653076262",WEB/APP
Detractor,APRIL,6,"website for trading is very poor. nowadays using apps opens the door to cyber crimes . so it is better that you first improve the website, as bells and whistles you add apps for gen Z every now and then.",WEB/APP
Detractor,APRIL,0,What to say,not specified
Passive,MAY,8,Whats app queries should provide a chance to explain problem faced since most of the time the options do not cover and it takes hefty time.,WEB/APP
Detractor,JUNE,0,"when my company account was opened than dealer offered me trade free plan, now I am unable to opt trade free plan through websiteMisguided me",product
Detractor,JUNE,5,When we call wait long bt no one is pickup,Service
Detractor,APRIL,1,Who is my RM/ dealer?,Service
Detractor,APRIL,0,Will change my bankers soon.,not specified
Detractor,JUNE,0,Worst app ever i find to trading so lagging,WEB/APP
Detractor,APRIL,0,Worst brokerage charges for general trading,Charges
Detractor,APRIL,0,"Worst ever experience with kotak securities, would never ever suggest to anyone to go for kotak",not specified
Detractor,APRIL,0,"Worst ever experience with kotak securities, would never ever suggest to anyone to go for kotak",not specified
Detractor,APRIL,0,Worst ever3rd class everything,not specified
Detractor,MAY,0,Worst explanation,not specified
Detractor,MAY,0,Worst interface.,WEB/APP
Detractor,APRIL,0,Worst organisation simply making money and moroever the worst part is there mtf facility,product
Detractor,MAY,3,Worst recommendation.,reasearch
Detractor,APRIL,0,Worst service experience. A fraud co.,Service
Detractor,APRIL,0,Worst service experience..Not intrested to solve problem of customer and not respect even pick up call,Service
Detractor,APRIL,2,Worst services,Service
Detractor,APRIL,2,Worst services,Service
Detractor,APRIL,0,Wrost serviceKeep update customer care .ThanksKeep updated ur app,WEB/APP
Detractor,MAY,0,Yes. Fire your HR head for hiring people who have no idea how to connect and be responsive to the customer,Service
Detractor,APRIL,1,Yes. the charges \ brokerage should be less and the recommendation should have been informed to me.,Charges
Detractor,MAY,2,Yesterday debited 272 usdinr how is possible not closed till date daily close by you AndSquare off is very slow I was Square 100 you booked 60,Service
Detractor,MAY,0,"you can guess from the rating I have given,",not specified
Detractor,APRIL,0,"You guys have looted my money because of your systems fault,I lost my money and when I have raised complain from past 1 month you havent been able to resolve it,such a pathetic broker you are",WEB/APP
Detractor,APRIL,1,You have a pathetic response process with an automated email coming everyday that the query resolution is still pending and you will revet.,Service
Detractor,MAY,2,You improve all the sector ex when customer call about any problem you ignore that call many times very bad.,People
Detractor,APRIL,5,YOU NEED TO IMPROVE YOUR RISK MANAGEMENT RELATED TO CLIENT PRIVACY WHICH IS A VERY SERIOUS ISSUE. I WILL BE TAKING THIS UP STRONGLY IN DAYS TO COME BASED ON A RECENT REPEATED EXPERIENCE.,Service
Detractor,APRIL,5,YOU NEED TO IMPROVE YOUR RISK MANAGEMENT RELATED TO CLIENT PRIVACY WHICH IS A VERY SERIOUS ISSUE. I WILL BE TAKING THIS UP STRONGLY IN DAYS TO COME BASED ON A RECENT REPEATED EXPERIENCE.,Service
Detractor,MAY,0,You only pretend that you take feedback seriously but you dont.,not specified
Detractor,MAY,2,"you web app is very very slow , often we have to refresh and refresh",WEB/APP
Detractor,MAY,0,"Your customer relation officer in Bangalore, Mr.Shashi is absolutely useless",People
Detractor,APRIL,0,Your customer support system dont know the all details ..they must give true knowledge to their customers. They do not know the plans and suggest a plan which not beneficial to the client.,WEB/APP
Detractor,MAY,0,Your PR offiecer in not good  and my call not attend,People
Passive,MAY,7,Your services are very good and I am satisfied with it.,Service
Detractor,APRIL,0,"Your staff does not give service, no one is there to talk.",Service
Detractor,APRIL,5,"Your trading platform is excellent. You provide a margin status daily, I wonder what information it conveys. I tied checking with a Kotaksec person in GURGAON. and was told it is meaningless, please ignore.I always trade in cash. Why is there no facility to take cash upfront and then allow trading. It avoids confusion.",product
Detractor,MAY,0,Yr charges at sky. At the same time others r charging 80 % lesser than you.,Charges
Detractor,JUNE,0,lot of improvement is reqd,Service
Detractor,JUNE,0,Kindly reduced my brokerage and please share my dealer no so that I can coordinate I am trying to call but no is not reachable please provide direct no,Charges
Detractor,JUNE,3,No,Not Specified
Detractor,JUNE,2,Customer services not well reply.,Service
Detractor,JUNE,2,No. As it is of no use.no action.,Not Specified
Detractor,JUNE,5,Relationship Manager should be responsible to coordinate with Back end team about pending issues but they are just working like couriers. Back end team does not appreciate the real issues raised in the Queries & after passage of time they take it granted that the issues have no longer meaningful. Offline trade should be confirmed during business hours.,Service
Detractor,JUNE,1,The executives and managers do not have  product knowledge or resolving skills on products like MF or SMALL CASE  on Kotak security platform,Service
Passive,JUNE,7,For equity please separate group provide in telegram channel.Sometimes derivative orders are not executed and it will placed later.,Web/App
Detractor,JUNE,0,No one interacts with me.,Service
Detractor,JUNE,1,Nest terminal kab chalu karenge 3/4 mahine Ho Gaye ab tak chalu hua nahin,Web/App
Detractor,JUNE,0,I have given the complaint and yet not redo any update I am going to close the Acc,Service
Passive,JUNE,8,About brokerage,Charges
Detractor,JUNE,1,Some guid to customer of trading.,Service
Detractor,JUNE,0,because of your employees today i lost 20000rs.I am moving my demat account to other plaform.,People
Detractor,JUNE,0,"Kotak Securities days are numbered, mark my work it wont last for much time.  Sooner or later who fall for zero brokerage would realise what mistake they have done by choosing Kotak Security as their broker. Any way here I am gonna list some issue I have  raised many times to Kotak customer representative, even though I have complete faith nothing gonna happen on these issues.1. Kotak Sec advertise themselves as zero brokerage trading platform, how one can trade if your platform (kotak neo) provide absolutely no intraday leverage or margin in scripts. Kotak neo provides leverage  on less than 100 scripts. So goodbye Intraday trading on Kotak neo.2. I have repeatedly asked a feature on the kotak neo mobile app which will provide an edge to the scalpers community by making lower tab (where HOME, WATCHLIST, ORDERS, PORTFOLIO, INVEST are situated)  static. Though this feature is available on the desktop site where the upper most tab remain static. Presently if anyone go to  execute an order the lower most tab disappear from the page as soon as order window open and after order execution one have to manually press   back button many time to go to home page and then navigate to position page. If the lower most tab became static like the web version it will remain on the window no matter which page is open. You can imagine where every millisecond is important how game changing it could be to the day trader and scalpers community.3. Spent some money on Tradingview   and have some better feature make available like trading directly from  chart, drag and drop execution features.I am again saying that I have complete faith there wont be  any change regarding these issue. And I believe that People specially newcomers will come to Kotak but will leave within no time because nobody wants to use a platform which is decade behind its competitor in terms of technology. Kotak cant survive by forcefully  Selling insurance in the name of recommendation",App/Product/Service
Detractor,JUNE,0,Response level is very slow,Service
Detractor,JUNE,0,Kotak stock trader app crashed many times.,Web/App
Detractor,JUNE,0,kindly improve the interface and customer should be contacted by the Rm. As no one cares who so ever is doing also the customer care is not appropriate to resolve the queries.,Web/App
Detractor,JUNE,0,Mharbani mafe karo,Not Specified
Detractor,JUNE,0,No,Not Specified
Detractor,JUNE,0,"Dear Kotak Security,We have not received any update in Neo App according to my suggestion, you have not update multiple windows opening at one time in chart, you have not provide full access of trading view for community indicator.Lagging app, Short Covering, Long buildup etc not provided at option chain where OI displayPlease update anchored VWAP,",Web/App
Detractor,JUNE,0,Improve your software when trading is online.,Web/App
Detractor,JUNE,0,Nil,Not Specified
Detractor,JUNE,1,Not answering on given number,Service
Detractor,JUNE,1,Discating service nananabvavava avana a. Abanajakama,Service
Detractor,JUNE,0,My experience bad service,Service
Detractor,JUNE,5,When we call wait long bt no one is pickup,Service
Detractor,JUNE,0,Very high brokerage,Charges
Detractor,JUNE,0,No interaction by any one. No person called,Service
Detractor,JUNE,0,use less service,Service
Detractor,JUNE,0,Not a single issue has been resolved in the last 8 monts. Kotak is the worst brokerage. We will soon pull out 3 accounts with Kotak Securities.,Service
Detractor,JUNE,2,Not satisfied about raised query. Not giving particular any suggestions or solving my problem.,Service
Passive,JUNE,7,Actually aap is not properly work and delar did not support mtf interest charge and broker support.,Web/App
Detractor,JUNE,0,"Dealers are useless,good for nothing",People
Detractor,JUNE,0,"Due to delay in unpledge request, was faced loss",Process
Detractor,JUNE,6,I have been with you for more thwn a decade. Now I am planning to quit trading. The relationship was generally businesslike with nohuman-warmth in your dealings.,Service
Detractor,JUNE,1,Pathetic service. Your team spoiled all my GTC orders and there was no convincing response,Web/App
Detractor,JUNE,6,Call response,Service
Detractor,JUNE,5,APP AMOUNT SHOWING WRONG,Web/App
Passive,JUNE,8,"Kotak Neo App is not made enabled to me.Brokerage reduction is delayed, despite my excellent track/transaction record for years.",Charges
Detractor,JUNE,6,sir as already written please come with a short term trading product in STOCKIT like the kotak securities expert will deploy the money in trending stocks for 5-10 days and returns will be calculated on monthly basis. minimum investment should be Rs. 200000.if investor/trader can get 3-5% monthly return  i guarntee you FIXED DEPOSIT WILL BE HISTORY SOON. I am eagerly waiting for such product.,Product
Detractor,JUNE,0,Worst app ever i find to trading so lagging,Web/App
Detractor,JUNE,0,"when my company account was opened than dealer offered me trade free plan, now I am unable to opt trade free plan through websiteMisguided me",Charges
Detractor,JUNE,1,No feedback,Not Specified
Detractor,JUNE,4,Irrespective of mail and request my margin against gold bond has been withdwan without any reason even though it was a part of approved list,Process
Detractor,JUNE,1,Placing of orders take very much time.,Web/App
Detractor,JUNE,0,Better app development,Web/App
Detractor,JUNE,5,AMOUNT TRANSFERRED SAME DAY NOT APPEARING FOR WITHDRAWAL AT THE END OF THE DAY. AVG PRICE CALCULATION IS WRONG WHILE ADDING SAME SHARE ON PORTFOLIO. EXPERT CALLED TO PURCHASE PNB SHARE WHICH NEVER GIVES GOOD RETURN. FUND AVAILABILITY SHOWS WRONG FIGURE AFTER DAY END WHERE STATEMNET SHOWS DIFFRENT VALUES COMPARE TO ACTUAL AVAILABLE FUNDS.,Process
Detractor,JUNE,3,Connection with the client when they need,Service
Passive,JUNE,7,"Modify trading system for choosing the freedom of stoploss and target, thank you",Web/App
Detractor,JUNE,0,Totally Disappointed,Not Specified
Detractor,JUNE,2,"Totally costly & Your app doesnt benefit the customer, it benefits you",Charges
Detractor,JUNE,3,Hope for the best.I love Kotak Bank,Other
Detractor,JUNE,0,Prefer to change broker as quality is poor,Not Specified
Detractor,JUNE,1,Undue charges,Charges
Passive,JUNE,8,Your service is very good,Service
Detractor,JUNE,0,"Kindly treat your customer properly and try to resolve their query as early as possible,",Service
Passive,JUNE,7,"Sometimes basket execution cause losses, because of missing 1-2 leg in execution. Its speed also needs to be improved(as I am placing market order, nothing like matching order with buyer/sellers)",Web/App
Detractor,JUNE,0,Why the hell is my dealer changed every now and then without my consent,Process
Detractor,JUNE,1,"I cant open the app,Forgot password,Despite calling customer care, the issue was not resolved",Web/App
Passive,JUNE,8,Bahut achha h aapki sarvice mujhe bahut achha feel hota h use karne me,Service
Detractor,JUNE,5,Market open ke time kabhi bhi service band ho jati hai,Service
Detractor,JUNE,0,Dealar not have complete knowledge. Not satisfied .,People
Detractor,JUNE,1,Need to improve lot,Service
Detractor,JUNE,0,Training to the team for proper communication,People
Detractor,JUNE,0,Nothing,Not Specified
Detractor,JUNE,1,Very poor experience,Service
Detractor,JUNE,0,"Hopeless,bewakuf, unskilled,Murkh",People
Detractor,JUNE,0,Very poor service,Service
Detractor,JUNE,0,Your recommended reserch is totally failed.And contacting person changing. If Fund less then your system sale shares 1 rs or 2 rs,Research
Detractor,JUNE,0,Ask to purchase some share other wise my account will be dormant. When I request to mail me regarding such rule he is telling that for this company dont send mail and within few days if I dont purchased share my account will be freezed and I have to pay additional charge to restart it. Disgusting,People
Detractor,JUNE,5,last time i asked a query but till now i did not receive the response.,Service
Detractor,JUNE,0,The choices of above given ratings itself is questionable. I suggest pls change the presently used Litmusworld to a better public relations company.,Other
Detractor,JUNE,3,We trade with our best knowledge KSE not guide us while market nor given any sms. While other company well guides their customer. Try to guide while trading.,Web/App
Detractor,JUNE,0,Since my carrier begining I have opened my account with KSL but today I am very sorry to say its absolute my wrong decision for my life as you are not working for customers your escalation teams are good for nothing.,Service
Detractor,JUNE,3,Aa,Not Specified
Detractor,JUNE,0,Listen to the query and reply properly.,Service
Detractor,JUNE,3,Aa,Not Specified
Detractor,JUNE,0,Listen to the query and reply properly.,Service
Detractor,JUNE,0,Thy are never available on call holding period of call is more than intra trade time so no use of facilities like call and trade,Service
Detractor,JUNE,5,RM should improve communication with its clients and resolve their issues.,Service
Detractor,JUNE,2,bad,Not Specified
Detractor,JUNE,0,Employee do not interact,Service
Detractor,JUNE,2,Improve technical charts.,Web/App
Detractor,JUNE,0,Curie are not resolve,Service
Detractor,JUNE,1,"Kotak neo aap me abhi bahut kuch update hona baki hai sabse pehle to app / Platform ko smooth karo kyonki ye bich me hi atak jati hai jaise indices price ruk jate hai, wathlist me jate hai to other companies ke jaise watchlist me pertucular call ya put ko search karte hai to uska price waha pe dikhna chahiye kotak me ye chiz select karne ke baad dikhai deti jabki other companies me ye wahi pe dikhai deti, jab koi stock ya koi strike price ya koi CE ( CALL ) ya PE ( PUT ) buy karte hai to usi page required margin or available margin ( A/C Balance ) show hona chahiye jo ki kotak ki app me nahi hota hai etc. or bhi bahut kuch hai jo update karne baki hai unko karo or jyada app/platform ko smooth karna hai to zerodha se sikh lo",Web/App
Passive,JUNE,8,"Yes, there should be a dedicated personnel for any instant interaction.",Service
Detractor,JUNE,0,Sensex and bankex is not trade this Brocker please add this index,Web/App
Detractor,JUNE,0,I am surprised at your complaint redressal attitude.,Service
Detractor,JUNE,0,Do it fast problem solve,Service
Detractor,JUNE,1,Worst services,Service
Detractor,JUNE,0,World the most fruad broker in india,Not Specified
Passive,JUNE,8,Good,Not Specified
Detractor,JUNE,0,"Improvement highly needed , asking customers to call them.",Service
Passive,JUNE,7,Chart improve,Web/App
Detractor,JUNE,1,I have not call to any one,Service
Detractor,JUNE,0,Show wrong price and and very slow in order execution.,Web/App
Passive,JUNE,8,delivery. brokerage. Change 0.25 to 0.05 and MTF brokerage. 0.25 to 0.05.,Charges
Detractor,JUNE,0,Try to refund Rs 588.82 in my account and set right immediately.       It is regretted that neither your manager nor CEO KOTAK SECURITIES replied my email sent and forwarded tothem on 21/06/2023 and again 22/06/2023 regarding this.  Try to send reply mail same day or next day positively .,Service
Detractor,JUNE,0,Try to resolve query as soon as possible,Service
Detractor,JUNE,0,Absolutely Dissatisfied. Was misled into Margin Trading Facility without disclosure of all rules.,Service
Detractor,JUNE,2,Remaining all good,Not Specified
Passive,JUNE,8,Better than previously,Not Specified
Detractor,JUNE,1,Day by day kotaksecurities is becoming more inapproachable. It is very difficult to talk with you people in the hour of need even during working hours.,Service
Detractor,JUNE,0,Kindly improve customer service,Service
Detractor,JUNE,0,I suggest to improve ur it department..seems like u  hired 10th class standard it professionals....,Web/App
Detractor,JUNE,0,Charges are very high compared to industry standards... And should be brought down by a considerable level.,Charges
Detractor,JUNE,0,I want financial statement of accounts from 1.4.22 to 31.3.23 in Excel formatNot in Pdf format,Process
Detractor,JUNE,0,Stoploss not working,Web/App
Detractor,JUNE,0,üò°üò°üò°,Not Specified
Passive,JUNE,7,All is good trading brokerage. but call center is not good.Respance very slow. Iam satisfied. Thank you GOVIND.,Service
Passive,JUNE,7,My dmate ac quiery not soul,Service
Detractor,JUNE,0,Add BSE derivatives or I will close my account,Product
Detractor,JUNE,5,"Company slowly introduce new updates, service request speed activation",Service
Detractor,JUNE,0,"Service team representatives are not cooperative and not have idea of Kotak Applications & features properly or lack of interest to understand its features. We (Clients) are spending own time (with out any help from product team) to get benefits of all features provided to clients by the development team but Service Team is unaware of these features, really funny, LOLsharing conversation sent to senior management >>>>>>>>>>>>>>>>>>>>>>>>>>>>>>>>>>>>>>>>>>>>>>>>Hello Respected Sir/Madam,First of all, I am very sorry to bother you guys, but it is my duty to notify Kotak Senior Management team about issues of ‚ÄúKotak Securities Service Team‚Äù, I am really facing hard time to get one single issue resolved (i.e., one of the Neo System features is not providing all trade data for a selected period).This feature is already developed and it is in service. But some how it is broken.I reported this incomplete data issue to Service department team several time and always new Query is created (with new id) but no proper support and response. I tried reaching them over the phone several times and trained/helped them (with steps and example sheet) to reproduce this  issue (example sheet contained all data shown for my account for a requested period). They pretend of understanding a feature and its benefit, but at the end, they are not able to solve this issue and divert me to use other manual feature which will require months for me to collect data manually due to huge trade volumes.Service team is unable to understand simple steps of this feature. Team is really not proactive and cleverly misdirecting me and also forcing me to go other way around, as said earlier (that way is tedious and I have to spend months to collect data manually as per my trades volumes).This can either be a bug in the system or might be a broken feature. But some how they are not proactive to work with either development team or backend team. And finally, the team was not able to u",Service
Detractor,JUNE,0,need improvement of product knowledge.,People
Detractor,JUNE,0,U need to have a quick response to glitches during trading,Service
Detractor,JUNE,0,Kotak Neo trading app doesnt work properly. It didnt refresh data and show refresh icon instead showing data there.,Web/App
Detractor,JUNE,0,Please send My security deposit money 12460.00 my bank account transfer,Other
Detractor,JUNE,8,"Please fix your platform, would prefer more prompt follow up",Web/App
Detractor,JUNE,0,Hopeless,Not Specified
Detractor,JUNE,0,Upset with charges charged on trading as well as monthly,Charges
Detractor,JUNE,0,Improve your partner knowledge,People
Detractor,JUNE,7,No,Not Specified
Detractor,JUNE,5,Charging main reason,Charges
Detractor,JUNE,7,The Buy Back menu should generate instant acknowledgement of order placed to indicate that the placed order is received.,Web/App
Detractor,JUNE,0,Not sutisfied for the app because amc charges is high without informing,Web/App
Detractor,JUNE,8,Web links from keat platform gives frequent error.Some page links are still linked to internet explorer which is obsolete now.,Web/App
Detractor,JUNE,0,Dont call to give me recommendations,Other
Detractor,JUNE,0,Solve my query I can‚Äôt deposit my fund in the demat account. It‚Äôs been over a month,Service
Detractor,JUNE,0,No one receive call on emergency,Service
Detractor,JUNE,0,"No, I dont want to suggest",Not Specified
Detractor,JUNE,8,Good,Not Specified
Detractor,JUNE,0,Will remove KS from my foliio V soon,Not Specified
Detractor,JUNE,1,No,Not Specified
Detractor,JUNE,0,Satisfied with Kotak Securities Employees and there feedback but improve the App I was unable to apply SGB as well as IPO......,Web/App
Detractor,JUNE,8,1-Improvment required for charts like zerodha2- brokerage charges are high which should be reduced.,Charges
Detractor,JUNE,5,You are required to enable facility for online application for IPO and other corporate bond like SGB.,Web/App
Detractor,JUNE,2,Please pick up calls and resolve issues. Please don‚Äôt waste our time on continuous calls,Service
Detractor,JUNE,6,This is the 3rd time I have requested for a reduction in brokerage from 0.13% to 0.10% for cash/delivery in line with what other brokerages are offering me.Do action the same.Thank you,Service
Detractor,JUNE,1,I have linked my Pan and adhar on 28/06/23 and message forwarded to kotak team but information was not updated and all MTF position was square off without my permission however all requirement was fullfiled by me,Process
Detractor,JUNE,0,Very bad customer care service,Service
Detractor,JUNE,0,Kotak smart cash related issue,Product
